<?xml version="1.0" encoding="UTF-8" standalone="yes"?>
<addon id="service.subtitles.planetdp"
       name="PlanetDP"
       version="0.2.0"
       provider-name="Koray Al">
  <requires>
    <import addon="xbmc.python" version="2.25.0"/>
    <import addon="script.module.beautifulsoup4" version="4.5.3"/>
    <import addon="script.module.requests" version="2.12.4"/>
    <import addon="script.module.html5lib" version="0.999.0"/>
  </requires>
  <extension point="xbmc.subtitle.module"
             library="service.py" />
  <extension point="xbmc.addon.metadata">
    <summary lang="en">PlanetDP Subtitle Service</summary>
    <description lang="en">Kodi Service to download subtitles from PlanetDP</description>
    <language>tr en de</language>
    <platform>all</platform>
    <license>GNU GENERAL PUBLIC LICENSE. Version 2, June 1991</license>
    <forum></forum>
    <website></website>
    <email>admin@koray.al</email>
    <source>https://github.com/korayal/service.subtitles.planetdp</source>
  </extension>
</addon>
