<?xml version="1.0" encoding="UTF-8"?>
    <addon id="repository.GenieTv" name="GenieTv Repo" version="0.1.4" provider-name="JayBox">
        <requires>
            <import addon="xbmc.addon" version="12.0.0"/>
        </requires>
        <extension point="xbmc.addon.repository" name="GenieTv Repo">
            <dir>
                <info compressed="false">https://raw.githubusercontent.com/noobsandnerds/modules4all/master/zips/addons.xml</info>
                <checksum>https://raw.githubusercontent.com/noobsandnerds/modules4all/master/zips/addons.xml.md5</checksum>
                <datadir zip="true">https://raw.githubusercontent.com/noobsandnerds/modules4all/master/zips/</datadir>
            </dir>
            <dir>
            <info compressed="false">http://raw.githubusercontent.com/GenieTv/Genie_Tv/master/_repo/addons.xml</info>
            <checksum>http://raw.githubusercontent.com/GenieTv/Genie_Tv/master/_repo/addons.xml.md5</checksum>
            <datadir zip="true">http://raw.githubusercontent.com/GenieTv/Genie_Tv/master/_repo/</datadir>
            <hashes>false</hashes>
            </dir>
        </extension>
        <extension point="xbmc.addon.metadata">
            <summary>GeniTv Media Solutions</summary>
            <description>The home of GenieTv, Kodi's largest support tool. [CR]  Brought to you by the Architects@Work</description>
            <platform>all</platform>
    </extension>
</addon>
