<?xml version="1.0" encoding="UTF-8" standalone="yes"?>
<addon id="plugin.video.livehub" name="[B][COLOR ghostwhite]Live[/COLOR][COLOR red] Hub[/COLOR][/B]" version="1.8" provider-name="sClarke">
  <requires>
    <import addon="xbmc.python" version="2.1.0"/>
	<import addon="script.module.requests" />
	<import addon="script.video.F4mProxy" />
  </requires>
  <extension point="xbmc.python.pluginsource" library="default.py">
        <provides>video</provides>
  </extension>
  <extension point="xbmc.addon.metadata">
    <summary lang="en">Live Hub - Bringing Live TV To Your Media Device</summary>
    <description lang="en">Live Hub - Bringing Live TV To Your Media Device. Kodi 17+ is Recommended.</description>
	<disclaimer lang="en">The author does not host or own any content found within this Addon. The Author is not connected to or in any other way affiliated with Kodi, Team Kodi, or the XBMC Foundation.</disclaimer>
    <platform>all</platform>
  </extension>
</addon>
