<?xml version="1.0" encoding="UTF-8" standalone="yes"?>
<addon 	id="repository.AtomReborn" 
		name="[COLOR lime][B]AtomReborn[/B][/COLOR] [COLOR snow][B]Repo[/B][/COLOR]" 
		version="1.0" 
		provider-name="AR">
	<extension point="xbmc.addon.repository" name="AtomReborn: Repository">
		<info compressed="false">http://myatom.one/atom/addons.xml</info>
		<checksum>http://myatom.one/atom/addons.xml.md5</checksum>
		<datadir zip="true">http://myatom.one/atom/</datadir>
	</extension>
	<extension point="xbmc.addon.metadata">
		<summary>AtomReborn</summary>
		<description>Enjoy Free Forever</description>
		<platform>all</platform>
	</extension>
</addon>