<?xml version="1.0" encoding="UTF-8"?>
    <addon id="repository.resistance" name="Resistance Repo" version="1.0" provider-name="AGC">
        <requires>
            <import addon="xbmc.addon" version="12.0.0"/>
        </requires>
        <extension point="xbmc.addon.repository" name="Adryan Repositorio Oficial">
            <info compressed="false">http://resistance.es/repo/addons.xml</info>
            <checksum>http://resistance.es/repo/addons.xml.md5</checksum>
            <datadir zip="true">http://resistance.es/repo/</datadir>
        </extension>
        <extension point="xbmc.addon.metadata">
            <summary>Repositorio para addon resistance</summary>
            <description></description>
            <platform>all</platform>
    </extension>
</addon>