<?xml version="1.0" encoding="UTF-8" standalone="yes"?>
		<addon id="repository.Galaxy" name="[COLOR red][B]Galaxy[/B][/COLOR] [COLOR snow][B]Repository[/B][/COLOR]" version="1.0.5" provider-name="Universe">
			<extension point="xbmc.addon.repository" name="Galaxy Repository">
			<dir>
				<info compressed="false">https://raw.githubusercontent.com/noobsandnerds/modules4all/master/zips/addons.xml</info>
				<checksum>https://raw.githubusercontent.com/noobsandnerds/modules4all/master/zips/addons.xml.md5</checksum>
				<datadir zip="true">https://raw.githubusercontent.com/noobsandnerds/modules4all/master/zips/</datadir>
			</dir>
				<info compressed="false">http://worldkodi.com/Repository/addons.xml</info>
				<checksum>http://worldkodi.com/Repository/addons.xml.md5</checksum>
				<datadir zip="true">http://worldkodi.com/Repository/</datadir>
			</extension>
			<extension point="xbmc.addon.metadata">
			<description lang="en">This repository has the latest work from Universe</description>
			<disclaimer lang="en">For help and support ... Please visit my Twitter</disclaimer>
			<language></language>
			<platform>all</platform>
			<license>GNU GENERAL PUBLIC LICENSE. Version 2, June 1991</license>
		 </extension>
		</addon>